热门查询,点击次数,展示,点击率,排名
sex toys pussy,3,82,3.66%,8.04
doll pussy,2,9,22.22%,9
sex doll pussy,2,7,28.57%,13.86
pussy sex doll,2,4,50%,6.5
rubber pussy,1,29,3.45%,16.03
fake pussy for men,1,25,4%,7.6
pussy for sex,1,14,7.14%,5.64
realistic pussy sex toy,1,14,7.14%,6.93
fake pussies,1,14,7.14%,8.21
fake pussy xxx,1,14,7.14%,9.64
fake pusssy,1,13,7.69%,5.69
most realistic pussy,1,10,10%,9.7
sexy toy pussy,1,9,11.11%,7.78
adult toy pussy,1,6,16.67%,9.67
fake pussy porn,1,6,16.67%,21.33
realistic pussy toys,1,5,20%,9.6
fake black pussy,1,4,25%,3.75
silicon pussi,1,4,25%,10.5
fuck doll pussy,1,3,33.33%,7
fuck fake pussy,1,3,33.33%,13.33
realistic vagina toy,1,3,33.33%,44.33
best fake pussies,1,2,50%,4.5
fake pussy pic,1,2,50%,8
realistic silicon pussy,1,2,50%,9
fake pussy sex porn,1,2,50%,10
你给我找,1,1,100%,2
toy pussy sex,1,1,100%,9
dolls pussy,1,1,100%,15
مهبل سيليكون,1,1,100%,19
realistic artificial vagina,1,1,100%,26
toy pusy,1,1,100%,33
fake pussy fucking,1,1,100%,37
pocket pussy,0,168,0%,52.04
sex toy pussy,0,68,0%,8.35
pussy sex toy,0,68,0%,10.01
fake pussy,0,65,0%,33.91
fake vagina,0,64,0%,19.45
best pocket pussy,0,50,0%,32.38
realistic vagina,0,33,0%,32.58
pussy toys,0,31,0%,28.84
artificial pussy,0,30,0%,19.63
pocket pussies,0,30,0%,70.1
realistic pussy,0,29,0%,14.34
pussy toy,0,28,0%,41.93
pussy pocket,0,27,0%,50.78
vagina toy,0,26,0%,46.73
fake pussy sex,0,23,0%,8.22
sex toy pusssy,0,21,0%,8.57
black pocket pussy,0,21,0%,10.29
pocket vagina,0,20,0%,63.5
pocket pussy sex toy,0,19,0%,16.84
silicone pussy,0,19,0%,20.16
pocket pussys,0,19,0%,48.26
rubber vagina,0,18,0%,18.22
pocketpussy,0,18,0%,63.94
musterbait pussy silicone,0,17,0%,6.71
best pocket pussy 2026,0,17,0%,10.29
fake chut,0,16,0%,9.56
artificial vagina,0,16,0%,41.94
pocketvaginas,0,15,0%,14.33
poket pussy,0,15,0%,52.33
realistic pussy masturbator,0,14,0%,6.64
best fake vagina,0,12,0%,10.08
pocketpussys,0,12,0%,28.58
pocketvagina,0,12,0%,35.25
pocket pussie,0,12,0%,45.25
silicon pusssy,0,10,0%,10.5
realistic pussy toy,0,10,0%,12.4
best pocket pussies,0,10,0%,24.1
toy pussy,0,10,0%,29.8
pocket pussy kunstvagina,0,10,0%,36.9
pocket pussey,0,10,0%,51.5
pocket vaginas,0,10,0%,67
fake pussy nudes,0,9,0%,4.44
sex with fake pussy,0,9,0%,6.22
silicone pusssy,0,9,0%,7.33
plastic pussy,0,9,0%,26.11
fake vaginas,0,9,0%,28.44
pocketpussey,0,9,0%,65.78
fake ass and pussy,0,8,0%,8.25
nakli pussy,0,8,0%,8.5
fake pussy pics,0,8,0%,8.62
men using fake pussy,0,8,0%,8.62
adult realistic pussy,0,8,0%,13.62
silicon pussy,0,8,0%,20.88
realistic pocket vagina,0,8,0%,31.38
pussy for sale,0,8,0%,32.5
vegina toy,0,8,0%,51.38
best realistic pocket pussy 2026,0,7,0%,10.14
realistic fake pussy,0,7,0%,10.86
pocket pussy ass,0,7,0%,15.71
pussy doll,0,7,0%,24.71
vagina sex toys,0,7,0%,40.86
mini pussy,0,7,0%,43.14
realistic vaginas,0,7,0%,54.43
real pussy,0,6,0%,37.83
fake pussy nude,0,5,0%,6.4
fake pussy in pussy,0,5,0%,7.4
sex fake pussy,0,5,0%,7.4
goosebump pocket pussy,0,5,0%,7.8
fake pussy fuck,0,5,0%,10
fake pussy and ass,0,5,0%,10.4
cheap pocket pussy,0,5,0%,22.4
realistic pocket pussy,0,5,0%,26.8
plastic vagina,0,5,0%,36
fake vergina,0,5,0%,40.8
vagina sex toy,0,5,0%,54.8
best fake vaginas,0,4,0%,3.5
fake pussu,0,4,0%,5.5
pussy sexy toy,0,4,0%,6.25
silicon sex toy pussy,0,4,0%,7.5
pussy sex toys,0,4,0%,7.75
sex toy pusy,0,4,0%,9.5
sex doll vigina,0,4,0%,10.75
fake pussy to fuck,0,4,0%,11.25
fake vagina porn,0,4,0%,13
sex dolls pussy,0,4,0%,19
buy pussy online,0,4,0%,21.5
pocket pussy for sale,0,4,0%,24.25
life size pocket pussy,0,4,0%,30.25
realistic vagina sex toy,0,4,0%,35.75
real doll vagina,0,4,0%,41.5
vagina doll,0,4,0%,42
pocketpussie,0,4,0%,78.25
fake sex pussy,0,3,0%,2.67
best silicone pussy,0,3,0%,8
artificial pussi,0,3,0%,8.33
fake vagina sex,0,3,0%,8.67
silicone pussies,0,3,0%,9
realistic pussy and ass,0,3,0%,9.33
silicon sex pussy,0,3,0%,9.33
fuck silicone pussy,0,3,0%,10
porno fake pussy,0,3,0%,10
artificial pussy fuck,0,3,0%,10.67
most realistic fake pussy,0,3,0%,12
lifelike pussy,0,3,0%,12.67
cheap fake pussy,0,3,0%,14.33
lifelike vagina,0,3,0%,16.67
rubber vigina,0,3,0%,18.33
tiny pocket pussy,0,3,0%,19
blush doll pussy,0,3,0%,23
fake vargina,0,3,0%,24.33
full body pocket pussy,0,3,0%,26.67
pocket pussy cheap,0,3,0%,26.67
real girl pussy masturbator,0,3,0%,27
mini pocket pussy,0,3,0%,29.67
pocket pussy online,0,3,0%,34.67
fake vigana,0,3,0%,40.67
fake vagina sex toy,0,3,0%,41.67
vigina toy,0,3,0%,48
buy pocket pussy,0,3,0%,53
easy pussy sexleksak,0,3,0%,65
fake vagina pic,0,2,0%,4
fake vagina xxx,0,2,0%,5
plastic cunt,0,2,0%,5
pussy sex tot,0,2,0%,5
fak pussy,0,2,0%,7
fake girl pussy,0,2,0%,7
petite pocket pussy,0,2,0%,7
xxx toy pussy,0,2,0%,7
toy pussy xxx,0,2,0%,7.5
dummy pussy,0,2,0%,8
plastic pussy xxx,0,2,0%,8
pocket pussy milf,0,2,0%,8
sexdoll pussy,0,2,0%,8
silicone pusy,0,2,0%,8
xxx fake pussy,0,2,0%,8
fake vagina pics,0,2,0%,8.5
most realistic pocket pussy 2025 or 2026,0,2,0%,8.5
fuck rubber pussy,0,2,0%,9
puffy pussy masturbator,0,2,0%,9
most realistic vagina masturbator 2026,0,2,0%,9.5
porn fake vagina,0,2,0%,9.5
best pocket pussies 2026,0,2,0%,10
black pocket pussies,0,2,0%,10
fake pussys,0,2,0%,10
pocket pussy black,0,2,0%,10
best realistic pussy,0,2,0%,12
large pocket pussy,0,2,0%,13.5
sex toys pusy,0,2,0%,13.5
fake pusy,0,2,0%,14
cyberskin pocket pussy,0,2,0%,14.5
doll sex pussy,0,2,0%,15
sex pussy toy,0,2,0%,15
good fake vaginas,0,2,0%,16
pussy palsu,0,2,0%,17
real feel pocket pussy,0,2,0%,19
latina pocket pussy,0,2,0%,20
sex toys fake pussy,0,2,0%,21
rubber vaginas,0,2,0%,22
ultra realistic pocket pussy,0,2,0%,22.5
pocket pussy body,0,2,0%,23.5
small pocket pussy,0,2,0%,25
most realistic pocket pussy,0,2,0%,25.5
mommy doll pussy,0,2,0%,27
servexely pussy,0,2,0%,27.5
cheap pocket pussys,0,2,0%,28
fake pocket pussy,0,2,0%,28.5
toys pussy,0,2,0%,29
blue pocket pussy,0,2,0%,29.5
real feel pussy masturbator,0,2,0%,30
fake cagina,0,2,0%,34
pocket pussy realistic,0,2,0%,34
real pocket pussy,0,2,0%,34
sex toy vigina,0,2,0%,36.5
fake vagine,0,2,0%,39
porn star replica pussy,0,2,0%,39
real life pocket pussy,0,2,0%,41
cheapest pocket pussy,0,2,0%,44.5
artificial vegina,0,2,0%,45.5
synthetic vaginas,0,2,0%,46
where can you buy a pocket pussy,0,2,0%,46.5
sexdoll vagina,0,2,0%,47
life like vagina,0,2,0%,49
pocket oussy,0,2,0%,53
vagina toys,0,2,0%,53.5
portable pocket pussy,0,2,0%,55.5
künstliche vagina,0,2,0%,61
adult pussy,0,2,0%,63
poket pissy,0,1,0%,3
porn pussy fake,0,1,0%,3
pussy fake nude,0,1,0%,3
ass and pussy pocket pussy,0,1,0%,4
fake pussy ass,0,1,0%,4
plastic girl pussy,0,1,0%,4
rasmini koʻrsat,0,1,0%,4
fake doll pussy,0,1,0%,5
fuck artificial pussy,0,1,0%,5
pussy,0,1,0%,5
artificial pussy porn,0,1,0%,6
big fake pussy,0,1,0%,6
fake girl pussy pic,0,1,0%,6
fake pussy in real pussy porn,0,1,0%,6
fake pussy picture,0,1,0%,6
fake pussy with ass,0,1,0%,6
fake rubber pussy,0,1,0%,6
pussy nude fake,0,1,0%,6
realistic silicone pussy,0,1,0%,6
silicon pussy for sex,0,1,0%,6
dummy pussy porn,0,1,0%,7
fake pussy cum,0,1,0%,7
fake vagina picture,0,1,0%,7
pussy rubber,0,1,0%,7
pussy with sex toys,0,1,0%,7
rubber ass and pussy,0,1,0%,7
toy pussy fuck,0,1,0%,7
vaginas falsas,0,1,0%,7
can i see pictures of it,0,1,0%,8
porn fake toy,0,1,0%,8
sex pusssy toy,0,1,0%,8
elastic girl pocket pussy,0,1,0%,9
fake nude pussy,0,1,0%,9
fakepussy,0,1,0%,9
goosebumps pocket pussy,0,1,0%,9
pussy adult toy,0,1,0%,9
sex toy pussi,0,1,0%,9
sex toys pusssy,0,1,0%,9
small pussy big toy,0,1,0%,9
black pussy pocket,0,1,0%,10
fake body sex,0,1,0%,10
fake pussy for masturbation,0,1,0%,10
fake pussy porno,0,1,0%,10
fake pussy sex toys,0,1,0%,10
fake pussy snaps,0,1,0%,10
fake silicon pussy,0,1,0%,10
fake toy pussy,0,1,0%,10
futa pocket pussy,0,1,0%,10
life like pussy,0,1,0%,10
porn fake pussy,0,1,0%,10
pussy porn toys,0,1,0%,10
pussy toys sex,0,1,0%,10
rubber pussy and ass,0,1,0%,10
sex doll pussy pics,0,1,0%,10
sex toy pissy,0,1,0%,10
sex toy pussy price,0,1,0%,10
sexy toys pussy,0,1,0%,10
silicon pussy fuck,0,1,0%,10
silicone pussy masturbator,0,1,0%,10
silicone pussy sex toy,0,1,0%,10
spencers pocket pussys,0,1,0%,10
fake pussi,0,1,0%,11
fake vaginas for men,0,1,0%,11
full body pussy,0,1,0%,11
tpu pocket pussy,0,1,0%,11
pussy fakes,0,1,0%,12
real pussy sex toy,0,1,0%,12
mini vaginas,0,1,0%,13
silicon pusy,0,1,0%,13
big labia pocket pussy,0,1,0%,14
pussy photo fake,0,1,0%,14
black pussy toys,0,1,0%,15
fake pusst,0,1,0%,15
gilf pocket pussy,0,1,0%,15
sex toy realistic pussy,0,1,0%,15
best fake pussy,0,1,0%,16
fake oussy,0,1,0%,16
fake pissy,0,1,0%,16
false vaginas,0,1,0%,16
pocket pussy sex toys,0,1,0%,16
realistic vagina sex toys,0,1,0%,16
rubber pussy sex toy,0,1,0%,16
rubber vegina,0,1,0%,16
teen mini pussy,0,1,0%,16
black pussy toy,0,1,0%,17
doll pocket pussy,0,1,0%,17
fake pussy toy porn,0,1,0%,17
memek palsu,0,1,0%,17
order pocket pussy,0,1,0%,17
pocket pussy galleria,0,1,0%,17
real pussy sex,0,1,0%,17
silicone pussy sex,0,1,0%,17
toy for pussy,0,1,0%,17
best cheap pocket pussy,0,1,0%,18
lifelike pocket pussy,0,1,0%,18
most realistic fake vagina,0,1,0%,18
realistic fake vagina,0,1,0%,18
vaginas de plastico,0,1,0%,18
faux vagina,0,1,0%,19
online pussy,0,1,0%,19
vagina price,0,1,0%,19
fake pusdy,0,1,0%,20
female pocket pussy,0,1,0%,20
pocket pussy hairy,0,1,0%,20
tight pocket pussy,0,1,0%,20
pussy artificial,0,1,0%,21
replica pussy,0,1,0%,21
big ass pocket pussy,0,1,0%,22
plastic pussy captions,0,1,0%,22
pvc pussy,0,1,0%,22
real pussy toy,0,1,0%,22
silicone rubber pussy,0,1,0%,22
toy cunt,0,1,0%,22
full size pocket pussy,0,1,0%,23
pussy pots,0,1,0%,23
slinky pussy,0,1,0%,23
مهبل سليكون,0,1,0%,23
pocket pussy pics,0,1,0%,24
replica vagina,0,1,0%,24
best pocket pussy ever,0,1,0%,25
human pocket pussy,0,1,0%,25
most realistic vagina,0,1,0%,25
artificial pusy,0,1,0%,26
cheap pussy,0,1,0%,26
discreet pocket pussies,0,1,0%,26
fake vagina for sex,0,1,0%,26
most expensive pocket pussy,0,1,0%,26
most realistic artificial vagina,0,1,0%,26
realistic pocket pussy ass,0,1,0%,26
sexual toy pussy,0,1,0%,26
big pocket pussy,0,1,0%,27
pussy and ass sex toy,0,1,0%,27
best artificial vaginas,0,1,0%,28
booty pocket pussy,0,1,0%,28
hand held pussy,0,1,0%,28
real pussy masturbator,0,1,0%,28
most relistic pocket pussy,0,1,0%,29
pussy dummy,0,1,0%,29
real feel pussy,0,1,0%,29
robot pocket pussy,0,1,0%,29
sex doll pocket pussy,0,1,0%,29
life like pocket pussy,0,1,0%,30
pocker pussy,0,1,0%,30
sex doll vagina,0,1,0%,30
best artificial vagina,0,1,0%,31
ebony pocket pussy,0,1,0%,31
expensive pocket pussy,0,1,0%,31
vigina sex toy,0,1,0%,31
fat pocket pussy,0,1,0%,32
kingdemer realistic pocket pussy,0,1,0%,32
life size pussy,0,1,0%,32
personal pussy,0,1,0%,32
realistic vigina,0,1,0%,32
silicone vagina,0,1,0%,32
where to buy pussy,0,1,0%,32
best pocket oussy,0,1,0%,33
fake vagin,0,1,0%,33
fake vaginas for sale,0,1,0%,33
pocket pussy collection,0,1,0%,33
sex doll vs real pussy,0,1,0%,33
toy vagina sex,0,1,0%,33
pussy simulator,0,1,0%,34
realistic vagina toys,0,1,0%,34
silicone pussys,0,1,0%,34
best pocket vagina,0,1,0%,35
fake pussy toys,0,1,0%,35
pocket pussy for women,0,1,0%,35
pretend vagina,0,1,0%,35
using fake pussy,0,1,0%,35
vaginas artificiales,0,1,0%,35
brazzers fake pussy,0,1,0%,36
giantess pussy toy,0,1,0%,36
plastic pussi,0,1,0%,36
pocket sex doll,0,1,0%,36
pockit pussy,0,1,0%,36
vagina in a can,0,1,0%,36
fake vgina,0,1,0%,37
pussytoys,0,1,0%,37
stuffed vaginas,0,1,0%,37
vaginal sex doll,0,1,0%,37
artificial vajina,0,1,0%,38
fake vajina,0,1,0%,39
porta pussy,0,1,0%,39
toy vaginas,0,1,0%,39
fake vegina,0,1,0%,40
loose pocket pussy,0,1,0%,41
pocket pussy vs real pussy,0,1,0%,41
sex pussys,0,1,0%,41
vigina sex toys,0,1,0%,41
buy fake pussy,0,1,0%,42
cyberskin pussy,0,1,0%,42
hyper realistic pussy,0,1,0%,42
silicon vagina,0,1,0%,42
vaginas artificiais,0,1,0%,42
artificial vigana,0,1,0%,43
doll vagina,0,1,0%,43
life size vagina,0,1,0%,43
most realistic vagina sex toy,0,1,0%,43
pocket pussy discreet,0,1,0%,43
pocket pussy dp,0,1,0%,43
pussy flesh,0,1,0%,43
silicon sex doll pussy,0,1,0%,43
tpe vs cyberskin onahole,0,1,0%,43
vagina pocket,0,1,0%,43
stuffed vagina,0,1,0%,44
artificial vagaina,0,1,0%,45
false vagina,0,1,0%,45
silicone sex doll pussy,0,1,0%,45
vagina di gomma,0,1,0%,45
violet doll pussy,0,1,0%,45
مهبل صناعي,0,1,0%,45
pussy model,0,1,0%,46
real doll pussy,0,1,0%,46
toy vigina,0,1,0%,46
latex pussy,0,1,0%,47
vaginas toys,0,1,0%,47
pocket pussy holder,0,1,0%,48
pocket sexdoll,0,1,0%,48
fake muschi,0,1,0%,49
latex vagina,0,1,0%,49
palm pussy,0,1,0%,49
realistische vagina,0,1,0%,49
vagina dolls,0,1,0%,49
custom pocket pussy,0,1,0%,53
fleshlight vagina,0,1,0%,53
pocket pussy toys,0,1,0%,53
sex toys nude,0,1,0%,53
pocket pussy fuck,0,1,0%,54
pocket pussy vibrator,0,1,0%,54
vagina simulator,0,1,0%,54
vegina toys,0,1,0%,54
pocet pussy,0,1,0%,56
portable vagina,0,1,0%,56
packet pussy,0,1,0%,57
plastic sex doll,0,1,0%,57
plastic sex dolls,0,1,0%,57
pockwt pussy,0,1,0%,57
pussycat dolls nude fake,0,1,0%,57
pocket oussys,0,1,0%,58
sex mannequin,0,1,0%,59
desi fake pussy,0,1,0%,60
feet pocket pussy,0,1,0%,61
pocket pussy virginia beach,0,1,0%,61
pockpussy,0,1,0%,61
vagina simulation,0,1,0%,62
vulva toys,0,1,0%,62
picket pussy,0,1,0%,63
vigina simulator,0,1,0%,63
homemade pocket vagina,0,1,0%,65
pussy zapper,0,1,0%,65
how to simulate a vagina,0,1,0%,68
sex dolls vaginas,0,1,0%,68
artificial sexdoll,0,1,0%,70
clear sex doll,0,1,0%,70
fake sex dolls,0,1,0%,71
pussy plug,0,1,0%,71
sex manikins,0,1,0%,74
pocket pusst,0,1,0%,75
pocket pusey,0,1,0%,81
synthetic sex doll,0,1,0%,82
wearable vagina,0,1,0%,82
things that feel like a vajina,0,1,0%,86
how to simulate a vigina,0,1,0%,93
sex machine pussy,0,1,0%,112