排名靠前的网页,点击次数,展示,点击率,排名
https://linkdolls.com/collections/sex-doll-torso-dildo-for-woman,307,4437,6.92%,10.25
https://linkdolls.com/collections/sex-doll-torso,140,2580,5.43%,10.44
https://linkdolls.com/collections/sex-doll-torso?page=29,2,27,7.41%,10.78
https://linkdolls.com/collections/sex-doll-torso-combination-package-for-couples,2,10,20%,21.5
https://linkdolls.com/collections/sex-doll-torso?page=22,1,10,10%,9.2
https://linkdolls.com/collections/sex-doll-torso?page=2,0,54,0%,8.56
https://linkdolls.com/collections/sex-doll-torso?page=13,0,15,0%,6.47
https://linkdolls.com/collections/sex-doll-torso-with-head,0,12,0%,48.67
https://linkdolls.com/collections/sex-doll-torso-dildo-for-woman?page=6,0,7,0%,4.71
https://linkdolls.com/collections/sex-doll-torso?page=15,0,7,0%,4.86
https://linkdolls.com/collections/sex-doll-torso?page=48,0,7,0%,7
https://linkdolls.com/collections/sex-doll-torso?page=52,0,5,0%,4.8
https://linkdolls.com/collections/sex-doll-torso-dildo-for-woman?page=2,0,5,0%,7.4
https://linkdolls.com/collections/sex-doll-torso?page=9,0,4,0%,5.5
https://linkdolls.com/collections/sex-doll-torso?page=14,0,4,0%,7.75
https://linkdolls.com/collections/sex-doll-torso?page=69,0,4,0%,7.75
https://linkdolls.com/collections/sex-doll-torso?page=7,0,2,0%,8
https://linkdolls.com/collections/sex-doll-torso?page=50,0,2,0%,41.5
https://linkdolls.com/collections/sex-doll-torso?page=56,0,2,0%,43.5
https://linkdolls.com/collections/sex-doll-torso?page=64,0,1,0%,4
https://linkdolls.com/collections/sex-doll-torso?page=11,0,1,0%,7
https://linkdolls.com/collections/sex-doll-torso?page=46,0,1,0%,9
https://linkdolls.com/collections/sex-doll-torso?page=30,0,1,0%,27
https://linkdolls.com/collections/sex-doll-torso?page=25,0,1,0%,32
https://linkdolls.com/collections/sex-doll-torso?page=3,0,1,0%,108